Standard;Constituent;Al2O3;CaO;CO2;Fe2O3;Fe2O3-T;FeO;H2O+;H2O-;H2O-T;K2O;Li2O;MgO;MnO;Na2O;P2O5;SiO2;TiO2;B2O3;BaO;Cr2O3;SrO;ZnO;ZrO2;Oxide Sum;Ag;Al;As;Au;B;Ba;Be;Bi;Br;C;Ca;Cd;Ce;Cl;Co;Cr;Cs;Cu;Dy;Er;Eu;F;Fe;Ga;Gd;Ge;H;Hf;Hg;Ho;I;In;Ir;K;La;Li;Lu;Mg;Mn;Mo;N;Na;Nb;Nd;Ni;O;Os;P;Pb;Pd;Pr;Pt;Rb;Re;Rh;Ru;S;Sb;Sc;Se;Si;Sm;Sn;Sr;Ta;Tb;Te;Th;Ti;Tl;Tm;U;V;W;Y;Yb;Zn;Zr;Carbon Total;Carbon Inorga;Hf-176/177;Nd-142/144;Nd-143/144;Nd-145/144;Nd-146/144;Nd-148/144;Nd-150/144;Pb-206/204;Pb-207/204;Pb-208/204;Sm-147/Nd-14;Sr-87/86;Ra-226;U-238/235;V-51/50;Loss on Ignition;Comment
AC-E;Concentration;14.7;0.34;0.07;1.34;2.53;1.07;0.22;0.15;;4.49;0.02;0.03;0.058;6.54;0.014;70.35;0.11;0.006762;0.00614075;0.000496927;0.000354783;0.02788262;0.1053;;0.1;7.78;2.3;;21;55;12;0.4;0.5;;2400;0.6;154;180;0.2;3.4;3;4;29;17.7;2;2100;1.77;39;26;2.3;;27.9;;6.5;;0.11;;3.73;59;93;2.45;;450;2.5;;4.85;110;92;1.5;;;61;39;;22.2;;152;;;;70;0.4;0.11;;;24.2;13;3;6.4;4.8;;18.5;;0.9;2.6;4.6;3;1.5;184;17.4;224;780;;;;;;;;;;;;;;;;;;0.37;
AC-E;Uncertainty;0.05;0.02;0.02;0.06;0.02;0.04;0.04;0.02;;0.02;0.0011;0.01;0.002;0.04;0.004;0.07;0.02;0.0008372;0.00055825;0.000175386;9.46088E-05;0.000746856;0.0027;;0.04;0.03;1;;2.6;5;1.1;;;;140;0.3;4.7;;0.1;1.2;0.54;0.9;1.5;1.2;0.09;200;0.014;3.7;1.5;;;1.4;;0.5;;;;0.017;2;5;0.11;;15;0.9;;0.03;5;6;0.5;;;17;3;;2.6;;2.1;;;;;0.08;0.05;;;0.8;4;0.8;0.3;0.2;;0.7;;;0.24;0.46;1;0.4;5;0.5;6;20;;;;;;;;;;;;;;;;;;;
AC-E;Units;%;%;%;%;%;%;%;%;;%;%;%;%;%;%;%;%;%;%;%;%;%;%;;ppm;%;ppm;;ppm;ppm;ppm;ppm;ppm;;ppm;ppm;ppm;ppm;ppm;ppm;ppm;ppm;ppm;ppm;ppm;ppm;%;ppm;ppm;ppm;;ppm;;ppm;;ppm;;%;ppm;ppm;ppm;;ppm;ppm;;%;ppm;ppm;ppm;;;ppm;ppm;;ppm;;ppm;;;;ppm;ppm;ppm;;;ppm;ppm;ppm;ppm;ppm;;ppm;;ppm;ppm;ppm;ppm;ppm;ppm;ppm;ppm;ppm;;;;;;;;;;;;;;;;;;%;
AC-E;N;126;134;13;51;146;48;30;33;;146;29;107;153;140;88;124;134;8;78;47;61;93;79;;6;126;17;;8;78;24;;;;134;9;60;7;40;47;25;54;25;18;41;14;146;28;27;;;24;;18;;;;146;66;29;34;;153;18;;140;60;49;39;;;88;65;;15;;90;;;;8;8;25;;;46;14;61;22;26;;52;;;13;34;22;8;78;48;93;79;;;;;;;;;;;;;;;;;;59;
AC-E;Data Quality;Working value;Working value;Working value;Working value;Working value;Working value;Working value;Working value;;Working value;Working value;Working value;Working value;Working value;Working value;Working value;Working value;Working value;Working value;Working value;Working value;Working value;Working value;;Working value;Working value;Working value;;Working value;Working value;Working value;Provisional value;Provisional value;;Working value;Working value;Working value;Provisional value;Working value;Working value;Working value;Working value;Working value;Working value;Working value;Working value;Working value;Working value;Working value;Provisional value;;Working value;;Working value;;Provisional value;;Working value;Working value;Working value;Working value;;Working value;Working value;;Working value;Working value;Working value;Working value;;;Working value;Working value;;Working value;;Working value;;;;Provisional value;Working value;Working value;;;Working value;Working value;Working value;Working value;Working value;;Working value;;Provisional value;Working value;Working value;Working value;Working value;Working value;Working value;Working value;Working value;;;;;;;;;;;;;;;;;;Working value;
AGV-1;Concentration;17.15;4.94;0.03;4.46;6.77;2.06;0.78;1;1.78;2.92;;1.53;0.092;4.26;0.49;58.84;1.05;0.0025116;0.1368829;0.001476166;0.07828879;0.01095389;0.030645;99.74;0.078;9.07;0.88;0.00062;7.8;1226;2.1;0.057;0.32;90;3.53;0.069;67;119;15.3;10.1;1.28;60;3.6;1.7;1.64;425;4.73;20;5;1.25;1300;5.1;0.02;0.67;0.27;0.041;0.0002;2.42;38;12;0.27;0.92;710;2.7;38;3.16;15;33;16;47.2;bdl;2150;36;0.0022;7.6;0.0011;67.3;0.00038;bdl;bdl;26;4.3;12.2;0.05;27.48;5.9;4.2;662;0.9;0.7;0.0019;6.5;6300;0.34;0.34;1.92;121;0.55;20;1.72;88;227;;;;;;;;;;18.81;15.59;38.46;;0.704062;0.69;;;1.21;There were two datasets for BaO. The data set with the better data quality is shown. The other dataset is: BaO, Concentration: 0.14, Uncertainty: 0.01, Units: %, N: 130, Data Quality: Recommended value.
AGV-1;Detection limit;;;;;;;;;;;;;;;;;;;;;;;;;;;;;;;;;;;;;;;;;;;;;;;;;;;;;;;;;;;;;;;;;;;;;;;0.00002;;;;;;;;0.0001;4;;;;;;;;;;;;;;;;;;;;;;;;;;;;;;;;;;;;;;;;;
AGV-1;Uncertainty;0.15;0.14;0.03;0.22;0.17;0.11;0.16;0.18;0.2;0.08;;0.1;0.01;0.11;0.04;0.28;0.05;0.0003864;0.00189805;0.000350772;0.001064349;0.001120284;0.00243;0.68;0.028;0.08;0.11;0.00012;1.2;17;0.3;0.008;0.17;70;0.1;0.009;5;6;1.6;2.4;0.14;5;0.3;0.2;0.1;32;0.12;3;0.5;0.13;440;0.4;0.009;0.1;0.03;0.006;0.0003;0.07;3;1.6;0.03;0.06;50;0.9;6;0.08;3;3;3;0.3;;160;5;0.0003;1.1;;0.9;;;;11;0.4;1.1;0.05;0.13;0.4;1.1;9;0.09;0.1;0.0006;0.5;300;0.06;0.13;0.15;11;0.09;3;0.19;9;18;;;;;;;;;;;;;;0.000048;;;;;
AGV-1;Units;%;%;%;%;%;%;%;%;%;%;;%;%;%;%;%;%;%;%;%;%;%;%;%;ppm;%;ppm;ppm;ppm;ppm;ppm;ppm;ppm;ppm;%;ppm;ppm;ppm;ppm;ppm;ppm;ppm;ppm;ppm;ppm;ppm;%;ppm;ppm;ppm;ppm;ppm;ppm;ppm;ppm;ppm;ppm;%;ppm;ppm;ppm;%;ppm;ppm;ppm;%;ppm;ppm;ppm;%;ppm;ppm;ppm;ppm;ppm;ppm;ppm;ppm;ppm;ppm;ppm;ppm;ppm;ppm;%;ppm;ppm;ppm;ppm;ppm;ppm;ppm;ppm;ppm;ppm;ppm;ppm;ppm;ppm;ppm;ppm;ppm;;;;;;;;;;;;;;;pCi/g;;;%;
AGV-1;N;150;162;17;37;181;51;27;32;3;173;;145;170;137;88;139;159;22;130;111;160;110;112;;23;150;24;8;22;130;24;13;7;17;162;18;102;25;138;111;51;118;42;27;91;35;181;66;48;13;3;46;27;36;5;10;6;173;108;43;66;145;170;40;3;137;49;67;120;14;3;88;92;3;29;2;147;2;1;1;9;42;75;10;139;91;32;160;43;67;3;97;159;25;31;74;99;18;68;89;110;112;;;;;;;;;;1;1;1;;4;1;;;2;
AGV-1;Data Quality;Certified value equivalent;Recommended value;Provisional value;Recommended value;Recommended value;Recommended value;Provisional value;Provisional value;Provisional value;Recommended value;;Recommended value;Not provided by compiler;Recommended value;Recommended value;Certified value equivalent;Recommended value;Recommended value;Certified value equivalent;Provisional value;Certified value equivalent;Recommended value;Recommended value;Not provided by compiler;Recommended value;Certified value equivalent;Recommended value;Recommended value;Recommended value;Certified value equivalent;Recommended value;Recommended value;Provisional value;Provisional value;Recommended value;Recommended value;Recommended value;Recommended value;Recommended value;Provisional value;Recommended value;Recommended value;Recommended value;Recommended value;Certified value equivalent;Recommended value;Recommended value;Recommended value;Recommended value;Recommended value;Provisional value;Recommended value;Provisional value;Recommended value;Provisional value;Recommended value;Provisional value;Recommended value;Recommended value;Recommended value;Recommended value;Recommended value;Recommended value;Provisional value;Provisional value;Recommended value;Provisional value;Recommended value;Recommended value;Certified value equivalent;Provisional value;Recommended value;Recommended value;Provisional value;Recommended value;Provisional value;Certified value equivalent;Provisional value;Provisional value;Provisional value;Provisional value;Recommended value;Recommended value;Provisional value;Certified value equivalent;Certified value equivalent;Recommended value;Certified value equivalent;Recommended value;Recommended value;Provisional value;Recommended value;Certified value equivalent;Recommended value;Provisional value;Recommended value;Recommended value;Recommended value;Recommended value;Recommended value;Recommended value;Recommended value;;;;;;;;;;Provisional value;Provisional value;Provisional value;;Provisional value;Provisional value;;;Provisional value;
AL-I;Concentration;18.59;0.384;0.2;0.03;0.075;0.04;0.29;0.06;;0.14;;0.035;0.004;10.59;0.038;69.34;0.0112;;0.009490251;0.00029231;0.00946088;0.000746856;0.0054;;;9.83;0.8;;;85;2.7;0.03;;;2750;0.03;21;110;0.2;2;0.34;3;1.5;0.6;0.19;45;0.052;20;1.9;1.4;;2.6;;0.28;;0.01;;1160;9.5;1;0.13;;30;0.1;;7.86;1.6;10.4;2;;;170;4.5;;2.8;;5.8;;;;85;0.2;1.75;;;2.8;0.4;80;1.9;0.3;;9.5;;0.04;0.1;5.8;2;0.2;6.8;0.7;6;40;;;;;;;;;;;;;;;;;;0.4;
AL-I;Uncertainty;0.1;0.02;0.1;0.01;0.01;0.01;0.005;0.01;;0.01;;0.01;0.002;0.1;0.01;0.16;0.004;;0.0006699;0.000146155;0.000591305;0.000186714;0.00054;;;0.05;0.4;;;6;0.3;;;;140;;1;;0.1;1;0.1;0.5;0.2;0.1;0.02;7;0.007;0.5;0.2;;;0.2;;0.05;;;;80;0.6;0.14;0.02;;15;0.03;;0.07;0.3;0.6;1;;;44;0.7;;0.3;;0.5;;;;;0.1;0.2;;;0.3;0.2;5;0.3;0.06;;1;;;0.015;0.6;1;0.1;0.4;0.1;1.5;4;;;;;;;;;;;;;;;;;;;
AL-I;Units;%;%;%;%;%;%;%;%;;%;;%;%;%;%;%;%;;%;%;%;%;%;;;%;ppm;;;ppm;ppm;ppm;;;ppm;ppm;ppm;ppm;ppm;ppm;ppm;ppm;ppm;ppm;ppm;ppm;%;ppm;ppm;ppm;;ppm;;ppm;;ppm;;ppm;ppm;ppm;ppm;;ppm;ppm;;%;ppm;ppm;ppm;;;ppm;ppm;;ppm;;ppm;;;;ppm;ppm;ppm;;;ppm;ppm;ppm;ppm;ppm;;ppm;;ppm;ppm;ppm;ppm;ppm;ppm;ppm;ppm;ppm;;;;;;;;;;;;;;;;;;%;
AL-I;N;83;85;10;17;79;16;22;29;;86;;67;61;85;57;82;44;;49;24;54;41;42;;;83;6;;;49;12;3;;;85;;24;5;11;24;9;17;10;7;17;10;79;13;10;;;12;;4;;;;86;24;12;17;;61;;;85;21;17;17;;;57;22;;;;37;;;;6;8;16;;;17;;54;9;9;;28;;;;24;19;;33;18;41;42;;;;;;;;;;;;;;;;;;;
AL-I;Data Quality;Working value;Working value;Working value;Working value;Working value;Working value;Working value;Working value;;Working value;;Working value;Working value;Working value;Working value;Working value;Working value;;Working value;Working value;Working value;Working value;Working value;;;Working value;Working value;;;Working value;Working value;Provisional value;;;Working value;Provisional value;Working value;Provisional value;Working value;Working value;Working value;Working value;Working value;Working value;Working value;Working value;Working value;Working value;Working value;Provisional value;;Working value;;Working value;;Provisional value;;Working value;Working value;Working value;Working value;;Working value;Working value;;Working value;Working value;Working value;Working value;;;Working value;Working value;;Working value;;Working value;;;;Provisional value;Working value;Working value;;;Working value;Working value;Working value;Working value;Working value;;Working value;;Provisional value;Working value;Working value;Working value;Working value;Working value;Working value;Working value;Working value;;;;;;;;;;;;;;;;;;Provisional value;
AN-G;Constituent;Al2O3;CaO;CO2;Fe2O3;Fe2O3-T;FeO;H2O+;H2O-;;K2O;;MgO;MnO;Na2O;P2O5;SiO2;TiO2;B2O3;BaO;Cr2O3;SrO;ZnO;ZrO2;Oxide Sum;Ag;Al;As;Au;B;Ba;Be;Bi;Br;;Ca;Cd;Ce;Cl;Co;Cr;Cs;Cu;Dy;Er;Eu;F;Fe;Ga;Gd;Ge;;Hf;Hg;Ho;I;In;;K;La;Li;Lu;Mg;Mn;Mo;;Na;Nb;Nd;Ni;;;P;Pb;;Pr;;Rb;;;;S;Sb;Sc;Se;Si;Sm;Sn;Sr;Ta;Tb;;Th;Ti;Tl;Tm;U;V;W;Y;Yb;Zn;Zr;Carbon-Total;;;;;;;;;;;;;;;;;Loss on Ignition;
AN-G;Concentration;29.8;15.9;0.13;0.87;3.36;2.24;0.61;0.11;;0.13;;1.8;0.04;1.63;0.01;46.3;0.22;0.000161;0.0037961;0.00730775;0.008987837;0.00248952;0.001485;99.797;0.04;15.76;0.2;0.0018;0.5;34;0.3;0.05;3;;11.37;0.08;4.7;300;25;50;0.05;19;1.2;0.75;0.37;120;2.35;18;0.9;0.8;;0.38;0.04;0.28;0.03;0.02;;1080;2.2;12.5;0.12;1.08;310;0.2;;1.21;0.7;2.4;35;;;40;2;;0.6;;1;;;;140;0.1;10;0.06;21.62;0.7;0.4;76;0.18;0.2;;0.04;1320;0.02;0.14;0.12;70;105;9;0.8;20;11;350;;;;;;;;;;;;;;;;;0.65;
AN-G;Uncertainty;0.18;0.09;0.02;0.04;0.04;0.05;0.05;0.01;;0.01;;0.03;0.002;0.03;0.01;0.13;0.01;;0.00035728;0.000438465;0.000473044;0.000373428;0.0003105;;;0.1;;;;3.2;;;;;0.06;;0.4;35;2.4;3;0.02;1.3;0.2;0.14;0.03;20;0.03;1.9;0.17;;;0.03;;0.07;;;;80;0.2;1.8;0.01;0.02;15;0.1;;0.02;;0.1;3;;;40;1;;0.1;;0.2;;;;;0.3;0.8;;0.06;0.05;0.2;4;0.04;0.05;;;60;;0.02;;4;17;0.75;0.05;3;2.3;55;;;;;;;;;;;;;;;;;;
AN-G;Units;%;%;%;%;%;%;%;%;;%;;%;%;%;%;%;%;%;%;%;%;%;%;%;ppm;%;ppm;ppm;ppm;ppm;ppm;ppm;ppm;;%;ppm;ppm;ppm;ppm;ppm;ppm;ppm;ppm;ppm;ppm;ppm;%;ppm;ppm;ppm;;ppm;ppm;ppm;ppm;ppm;;ppm;ppm;ppm;ppm;%;ppm;ppm;;%;ppm;ppm;ppm;;;ppm;ppm;;ppm;;ppm;;;;ppm;ppm;ppm;ppm;%;ppm;ppm;ppm;ppm;ppm;;ppm;ppm;ppm;ppm;ppm;ppm;ppm;ppm;ppm;ppm;ppm;ppm;;;;;;;;;;;;;;;;;%;
AN-G;N;115;119;21;127;127;61;35;59;;112;;116;112;114;77;112;111;2;47;68;71;55;46;;3;115;;;2;47;10;2;5;;119;;32;9;58;68;16;54;9;8;27;25;127;22;9;;;15;;10;3;;;112;33;26;22;116;112;11;;114;15;23;63;;;77;27;;;;38;;;;9;9;27;;112;26;7;71;13;18;;13;111;;8;9;44;14;39;28;55;46;21;;;;;;;;;;;;;;;;;45;
AN-G;Data Quality;Working value;Working value;Working value;Working value;Working value;Working value;Working value;Working value;;Working value;;Working value;Working value;Working value;Working value;Working value;Working value;Not provided by compiler;Working value;Working value;Working value;Working value;Working value;Recommended value;Not provided by compiler;Working value;Provisional value;Provisional value;Not provided by compiler;Working value;Provisional value;Not provided by compiler;Not provided by compiler;;Working value;Provisional value;Working value;Working value;Working value;Working value;Working value;Working value;Working value;Working value;Working value;Working value;Working value;Working value;Working value;Provisional value;;Working value;Provisional value;Working value;Not provided by compiler;Provisional value;;Working value;Working value;Working value;Working value;Working value;Working value;Working value;;Working value;Provisional value;Working value;Working value;;;Working value;Working value;;Working value;;Working value;;;;Provisional value;Working value;Working value;Provisional value;Working value;Working value;Working value;Working value;Working value;Working value;;Provisional value;Working value;Provisional value;Working value;Provisional value;Working value;Working value;Working value;Working value;Working value;Working value;Working value;;;;;;;;;;;;;;;;;Provisional value;
BCR-1;Concentration;13.65;6.95;0.03;3.59;13.42;8.88;0.75;0.81;1.59;1.69;;3.48;0.177;3.27;0.36;54.11;2.24;0.0009982;0.08;2.34E-03;3.90E-02;1.61E-02;0.02565;100.16;0.027;7.22;0.65;0.00066;3.1;681;1.6;0.047;0.072;80;4.97;0.13;53.7;59;37;16;0.96;19;6.34;3.63;1.95;490;9.38;22;6.68;1.5;;4.95;0.0079;1.26;0.18;0.092;0.000004;1.4;24.9;12.9;0.51;2.1;1370;1.6;34;2.43;14;28.8;13;45.1;0.000009;1560;13.6;bdl;6.8;0.002;47.2;0.00084;0.00023;0.001;410;0.62;32.6;0.088;25.27;6.59;2.7;330;0.81;1.05;0.0049;5.98;1.34;0.3;0.56;1.75;407;0.44;38;3.38;129.5;190;;;0.282;1.1406;0.51264;0.34852;0.7226;0.2421;0.2364;18.81;15.62;38.7;0.1371;0.70501;0.56;138;404.04;1.67;
BCR-1;Detection limit;;;;;;;;;;;;;;;;;;;;;;;;;;;;;;;;;;;;;;;;;;;;;;;;;;;;;;;;;;;;;;;;;;;;;;;;;;0.01;;;;;;;;;;;;;;;;;;;;;;;;;;;;;;;;;;;;;;;;;;;;;;;
BCR-1;Uncertainty;0.25;0.15;0.02;0.28;0.36;0.15;0.19;0.22;0.12;0.04;;0.13;0.01;0.12;0.02;0.36;0.1;0.0005152;0.002;5.85E-04;5.91E-04;6.22E-05;0.00081;0.67;0.003;0.13;0.085;0.00017;1.6;15;0.3;0.002;0.025;40;0.11;0.008;0.7;8;2;4;0.02;5;0.13;0.08;0.04;50;0.25;2;0.12;0.13;;0.28;0.0022;0.12;0.008;0.006;0.000002;0.03;0.8;0.4;0.025;0.08;90;0.4;12;0.09;3;0.5;4;0.4;0.000001;100;0.1;;0.5;;0.6;0.00006;;;50;0.1;2.2;0.013;0.17;0.12;1.1;5;0.13;0.1;0.0017;0.06;0.06;0.03;0.04;0.12;34;0.08;5;0.07;0.5;6;;;;0.002;0.00003;0.00025;0.0013;0.0009;;0.02;0.01;0.03;0.0013;0.00008;;;;;
BCR-1;Units;%;%;%;%;%;%;%;%;%;%;;%;%;%;%;%;%;%;%;%;%;%;%;%;ppm;%;ppm;ppm;ppm;ppm;ppm;ppm;ppm;ppm;%;ppm;ppm;ppm;ppm;ppm;ppm;ppm;ppm;ppm;ppm;ppm;%;ppm;ppm;ppm;;ppm;ppm;ppm;ppm;ppm;ppm;%;ppm;ppm;ppm;%;ppm;ppm;ppm;%;ppm;ppm;ppm;%;ppm;ppm;ppm;ppm;ppm;ppm;ppm;ppm;ppm;ppm;ppm;ppm;ppm;ppm;%;ppm;ppm;ppm;ppm;ppm;ppm;ppm;%;ppm;ppm;ppm;ppm;ppm;ppm;ppm;ppm;ppm;;;;;;;;;;;;;;;pCi/g;;;%;
BCR-1;N;186;202;23;41;244;60;35;35;26;236;;189;226;187;106;154;203;9;210;172;217;159;135;;55;186;25;61;9;210;22;40;27;23;202;56;266;26;214;172;103;138;143;107;269;40;244;73;135;40;;102;28;91;6;43;21;236;249;59;215;189;226;35;6;187;63;231;155;18;3;106;99;8;55;2;218;30;2;2;22;80;126;53;154;264;31;217;81;175;24;149;203;52;73;117;143;16;97;263;159;135;;;1;3;93;5;3;3;1;13;12;13;5;10;1;1;1;1;
BCR-1;Data Quality;Recommended value;Certified value equivalent;Provisional value;Recommended value;Recommended value;Certified value equivalent;Provisional value;Provisional value;Recommended value;Certified value equivalent;;Recommended value;Recommended value;Recommended value;Recommended value;Certified value equivalent;Recommended value;Provisional value;Certified value equivalent;Provisional value;Certified value equivalent;Certified value equivalent;Certified value equivalent;Provisional value;Recommended value;Certified value equivalent;Recommended value;Recommended value;Provisional value;Certified value equivalent;Recommended value;Certified value equivalent;Recommended value;Provisional value;Certified value equivalent;Certified value equivalent;Certified value equivalent;Recommended value;Recommended value;Provisional value;Certified value equivalent;Provisional value;Certified value equivalent;Certified value equivalent;Certified value equivalent;Recommended value;Recommended value;Recommended value;Certified value equivalent;Recommended value;;Certified value equivalent;Recommended value;Recommended value;Provisional value;Certified value equivalent;Provisional value;Certified value equivalent;Certified value equivalent;Certified value equivalent;Certified value equivalent;Recommended value;Recommended value;Recommended value;Provisional value;Recommended value;Provisional value;Certified value equivalent;Provisional value;Certified value equivalent;Provisional value;Recommended value;Certified value equivalent;Provisional value;Certified value equivalent;Provisional value;Certified value equivalent;Certified value equivalent;Provisional value;Provisional value;Recommended value;Recommended value;Recommended value;Recommended value;Certified value equivalent;Certified value equivalent;Provisional value;Certified value equivalent;Recommended value;Recommended value;Recommended value;Certified value equivalent;Recommended value;Recommended value;Certified value equivalent;Certified value equivalent;Recommended value;Recommended value;Recommended value;Certified value equivalent;Certified value equivalent;Certified value equivalent;;;Provisional value;Provisional value;Not provided by compiler;Provisional value;Provisional value;Provisional value;Provisional value;Not provided by compiler;Not provided by compiler;Not provided by compiler;Provisional value;Not provided by compiler;Provisional value;Provisional value;Provisional value;Provisional value;
BE-N;Constituent;Al2O3;CaO;CO2;Fe2O3;Fe2O3-T;FeO;H2O+;H2O-;K2O;MgO;MnO;Na2O;P2O5;SiO2;TiO2;Oxide Sum;B2O3;BaO;Cr2O3;SrO;ZnO;ZrO2;Ag;Al;As;Au;B;Ba;Be;Bi;Br;Ca;Carbon-Total;Cd;Ce;Cl;Co;Cr;Cs;Cu;Dy;Er;Eu;F;Fe;Ga;Gd;Ge;Hf;Hg;Ho;I;In;K;La;Li;Lu;Mg;Mn;Mo;Na;Nb;Nd;Ni;P;Pb;Pd;Pr;Pt;Rb;S;Sb;Sc;Se;Si;Sm;Sn;Sr;Ta;Tb;Th;Ti;Tl;Tm;U;V;W;Y;Yb;Zn;Zr;Loss on Ignition;;;;;;;;;;;;;;;;;;;;;;;;;;;;;
BE-N;Concentration;10.07;13.87;0.74;5.34;12.84;6.74;2.24;0.50;1.39;13.15;0.20;3.18;1.05;38.20;2.61;99.34;0.002254;0.1144413;0.0526158;0.1620176;0.01493712;0.0351;0.05;5.33;1.8;0.002;7;1025;1.9;0.03;0.6;9.92;2020;0.12;152;200;60;360;0.8;72;6.4;2.5;3.6;1000;8.98;17;9.7;1.2;5.6;0.04;1.1;0.2;0.08;1.15;82;13;0.24;7.93;1550;2.8;2.36;105;67;267;4580;4;0.0005;17.5;0.0008;47;300;0.26;22;0.1;17.84;12.2;2;1370;5.7;1.3;10.4;1.56;0.04;0.34;2.4;235;29;30;1.8;120;260;2.45;;;;;;;;;;;;;;;;;;;;;;;;;;;;;
BE-N;Uncertainty;0.08;0.22;0.09;0.13;0.06;0.08;0.13;0.04;0.02;0.08;0.004;0.04;0.03;0.12;0.03;;;0.0033495;0.00175386;0.002956525;0.001618188;0.00135;;0.04;0.03;;;30;0.5;;;0.16;240;;4;;2;12;0.1;3;0.2;0.1;0.18;60;0.04;2;0.6;;0.16;;0.13;;;0.02;1.5;1.3;0.03;0.05;30;0.3;0.03;8;1.5;7;130;2;;0.6;;2;;0.05;1.5;;0.06;0.3;0.3;25;0.4;0.1;0.65;0.02;;0.04;0.18;10;5.6;1.5;0.2;13;10;;;;;;;;;;;;;;;;;;;;;;;;;;;;;;
BE-N;Units;%;%;%;%;%;%;%;%;%;%;%;%;%;%;%;%;%;%;%;%;%;%;ppm;%;ppm;ppm;ppm;ppm;ppm;ppm;ppm;%;ppm;ppm;ppm;ppm;ppm;ppm;ppm;ppm;ppm;ppm;ppm;ppm;%;ppm;ppm;ppm;ppm;ppm;ppm;ppm;ppm;%;ppm;ppm;ppm;%;ppm;ppm;%;ppm;ppm;ppm;ppm;ppm;ppm;ppm;ppm;ppm;ppm;ppm;ppm;ppm;%;ppm;ppm;ppm;ppm;ppm;ppm;ppm;ppm;ppm;ppm;ppm;ppm;ppm;ppm;ppm;ppm;%;;;;;;;;;;;;;;;;;;;;;;;;;;;;;
BE-N;N;115;12;27;55;130;61;36;61;118;116;116;116;92;113;117;;4;68;71;78;61;60;3;115;13;3;4;68;8;2;4;12;27;7;51;12;62;71;22;56;18;15;36;28;130;22;22;;23;;12;1;;118;48;28;26;116;116;9;116;36;36;67;92;31;1;11;1;76;11;10;30;4;113;36;7;78;20;24;39;117;;11;30;47;15;45;36;61;60;44;;;;;;;;;;;;;;;;;;;;;;;;;;;;;
BE-N;Data Quality;Working value;Working value;Working value;Working value;Working value;Working value;Working value;Working value;Working value;Working value;Working value;Working value;Working value;Working value;Working value;Provisional value;Not provided by compiler;Working value;Working value;Working value;Working value;Working value;Not provided by compiler;Working value;Working value;Not provided by compiler;Not provided by compiler;Working value;Working value;Not provided by compiler;Not provided by compiler;Working value;Working value;Provisional value;Working value;Provisional value;Working value;Working value;Working value;Working value;Working value;Working value;Working value;Working value;Working value;Working value;Working value;Provisional value;Working value;Provisional value;Working value;Not provided by compiler;Provisional value;Working value;Working value;Working value;Working value;Working value;Working value;Working value;Working value;Working value;Working value;Working value;Working value;Working value;Not provided by compiler;Working value;Not provided by compiler;Working value;Provisional value;Working value;Working value;Not provided by compiler;Working value;Working value;Working value;Working value;Working value;Working value;Working value;Working value;Provisional value;Working value;Working value;Working value;Working value;Working value;Working value;Working value;Working value;Provisional value;;;;;;;;;;;;;;;;;;;;;;;;;;;;;
BHVO-1;Constituent;Al2O3;CaO;CO2;Fe2O3;Fe2O3-T;FeO;H2O+;H2O-;H2O-T;K2O;MgO;MnO;Na2O;P2O5;SiO2;TiO2;Oxide Sum;B2O3;BaO;Cr2O3;SrO;ZnO;ZrO2;Ag;Al;As;Au;B;Ba;Be;Bi;Br;C;Ca;Carbon-Inorga;Cd;Ce;Cl;Co;Cr;Cs;Cu;Dy;Er;Eu;F;Fe;Ga;Gd;Ge;Hf;Hg;Ho;In;Ir;K;La;Li;Lu;Mg;Mn;Mo;N;Na;Nb;Nd;Ni;Os;P;Pb;Pd;Pr;Pt;Rb;Re;Rh;Ru;S;Sb;Sc;Se;Si;Sm;Sn;Sr;Ta;Tb;Te;Th;Ti;Tl;Tm;U;V;W;Y;Yb;Zn;Zr;Nd-143/144;Sr-87/86;;;;;;;;;;;;;;;;;;;;
BHVO-1;Concentration;13.8;11.4;0.036;2.82;12.23;8.58;0.16;0.05;0.22;0.52;7.23;0.168;2.26;0.273;49.94;2.71;100.01;0.000805;1.55E-02;4.22E-02;4.77E-02;1.31E-02;0.024165;0.055;7.3;0.4;0.0016;2.5;139;1.1;0.018;0.71;100;8.15;36;0.069;39;92;45;289;0.13;136;5.2;2.4;2.06;385;8.55;21;6.4;1.6;4.38;0.0056;0.99;0.18;0.00044;4300;15.8;4.6;0.291;4.36;1300;1.02;22.6;1.68;19;25;121;bdl;1190;2.6;3;5.7;0.0022;11;bdl;0.0002;bdl;102;0.16;31.8;0.07;23.32;6.2;2.1;403;1.23;0.96;0.0064;1.08;1.62;0.058;0.33;0.42;317;0.27;27.6;2.02;105;179;0.512986;0.70348;;;;;;;;;;;;;;;;;;;;
BHVO-1;Detection limit;;;;;;;;;;;;;;;;;;;;;;;;;;;;;;;;;;;;;;;;;;;;;;;;;;;;;;;;;;;;;;;;;;;;;;;;;;;10;;0.46;;;;;;;;;;;;;;;;;;;;;;;;;;;;;;;;;;;;;;;;;;;;
BHVO-1;Uncertainty;0.21;0.17;0.019;0.24;0.21;0.09;0.06;0.01;0.07;0.035;0.22;0.008;0.07;0.025;0.54;0.06;0.7;0.0001932;0.0015631;3.22E-03;2.96E-03;6.22E-04;0.002835;0.007;0.11;0.22;0.0005;0.6;14;0.3;0.004;;50;0.12;;0.011;4;8;2;22;0.06;6;0.3;0.2;0.08;31;0.15;2;0.5;;0.22;;0.08;;;290;1.3;1.5;0.026;0.13;62;0.1;;0.05;2;2;2;22;110;0.9;0.4;0.4;;2;;;;7;0.04;1.3;0.04;0.25;0.3;0.5;25;0.13;0.08;0.0016;0.15;0.04;0.012;0.04;0.06;12;0.06;1.7;0.2;5;21;;;;;;;;;;;;;;;;;;;;;;
BHVO-1;Units;%;%;%;%;%;%;%;%;%;%;%;%;%;%;%;%;%;%;%;%;%;%;%;ppm;%;ppm;ppm;ppm;ppm;ppm;ppm;ppm;ppm;%;ppm;ppm;ppm;ppm;ppm;ppm;ppm;ppm;ppm;ppm;ppm;ppm;%;ppm;ppm;ppm;ppm;ppm;ppm;ppm;ppm;ppm;ppm;ppm;ppm;%;ppm;ppm;ppm;%;ppm;ppm;ppm;ppm;ppm;ppm;ppm;ppm;ppm;ppm;ppm;ppm;ppm;ppm;ppm;ppm;ppm;%;ppm;ppm;ppm;ppm;ppm;ppm;ppm;%;ppm;ppm;ppm;ppm;ppm;ppm;ppm;ppm;ppm;;;;;;;;;;;;;;;;;;;;;;
BHVO-1;N;33;32;7;8;39;12;10;3;4;37;33;43;38;23;26;31;;8;37;36;32;15;27;5;33;6;10;8;37;7;9;2;7;32;2;5;56;12;33;36;8;15;28;18;50;11;39;6;31;2;30;2;16;1;1;37;53;10;32;33;43;9;1;38;19;45;29;1;23;7;3;9;1;27;1;1;1;4;12;36;6;26;53;8;32;26;35;3;32;31;5;16;15;26;5;22;57;15;27;2;1;;;;;;;;;;;;;;;;;;;;
BHVO-1;Data Quality;Recommended value;Recommended value;Provisional value;Recommended value;Recommended value;Certified value equivalent;Provisional value;Provisional value;Provisional value;Recommended value;Recommended value;Certified value equivalent;Recommended value;Recommended value;Recommended value;Certified value equivalent;Certified value equivalent;Recommended value;Recommended value;Recommended value;Recommended value;Certified value equivalent;Recommended value;Provisional value;Certified value equivalent;Provisional value;Recommended value;Recommended value;Recommended value;Recommended value;Recommended value;Provisional value;Provisional value;Certified value equivalent;Provisional value;Provisional value;Recommended value;Recommended value;Certified value equivalent;Recommended value;Provisional value;Certified value equivalent;Certified value equivalent;Recommended value;Certified value equivalent;Recommended value;Certified value equivalent;Recommended value;Recommended value;Provisional value;Certified value equivalent;Provisional value;Recommended value;Provisional value;Provisional value;Recommended value;Recommended value;Provisional value;Recommended value;Recommended value;Certified value equivalent;Recommended value;Provisional value;Recommended value;Recommended value;Recommended value;Certified value equivalent;Provisional value;Recommended value;Provisional value;Provisional value;Certified value equivalent;Provisional value;Recommended value;Provisional value;Provisional value;Provisional value;Provisional value;Recommended value;Certified value equivalent;Provisional value;Recommended value;Certified value equivalent;Recommended value;Recommended value;Recommended value;Recommended value;Provisional value;Recommended value;Recommended value;Provisional value;Recommended value;Recommended value;Certified value equivalent;Provisional value;Recommended value;Recommended value;Certified value equivalent;Recommended value;Provisional value;Provisional value;;;;;;;;;;;;;;;;;;;;
BIR-1;Constituent;Al2O3;CaO;CO2;Fe2O3;Fe2O3-T;FeO;H2O+;H2O-;K2O;MgO;MnO;Na2O;P2O5;SiO2;TiO2;Oxide Sum;B2O3;BaO;Cr2O3;SrO;ZnO;ZrO2;Ag;Al;As;Au;B;Ba;Be;Bi;Br;C;Ca;Carbon-Inorganic;Cd;Ce;Cl;Co;Cr;Cs;Cu;Dy;Er;Eu;F;Fe;Ga;Gd;Ge;Hf;Hg;Ho;Ir;K;La;Li;Lu;Mg;Mn;Mo;Na;Nb;Nd;Ni;P;Pb;Pd;Pr;Pt;Rb;Rh;Sb;Sc;Se;Si;Sm;Sn;Sr;Ta;Tb;Te;Th;Ti;Tl;Tm;U;V;W;Y;Yb;Zn;Zr;;;;;;;;;;;;;;;;;;;;;;;;;;;;;
BIR-1;Concentration;15.35;13.24;0.02;2.08;11.26;8.38;0.1;0.07;0.027;9.68;0.171;1.75;0.046;47.77;0.96;99.64;1.06E-04;8.60E-04;0.0555389;1.28E-02;8.84E-03;0.00297;0.036;8.12;0.4;0.0016;0.33;7.7;0.58;0.02;bdl;66;9.47;40;0.114;2.5;26;51;380;0.45;126;2.4;1.8;0.54;44;7.87;16;1.9;1.4;0.58;7.3;0.5;0.00015;220;0.88;3.4;0.26;5.84;1320;0.5;1.3;2;2.5;166;200;3.2;0.0056;0.5;0.0028;1;0.00035;0.58;44;0.018;22.31;1.08;0.69;108;0.062;0.41;0.007;0.89;5720;0.01;0.27;0.025;313;0.22;16;1.7;71;22;;;;;;;;;;;;;;;;;;;;;;;;;;;;;
BIR-1;Detection limit;;;;;;;;;;;;;;;;;;;;;;;;;;;;;;;2;;;;;;;;;;;;;;;;;;;;;;;;;;;;;;;;;;;;;;;;;;;;;;;;;;;;;;;;;;;;;;;;;;;;;;;;;;;;;;;;;;;;;;;;;;
BIR-1;Uncertainty;0.51;0.29;0.01;0.08;0.23;0.11;0.03;0.02;0.01;0.28;0.01;0.11;0.028;0.51;0.03;0.85;5.15E-05;2.46E-04;0.0058462;1.66E-03;1.12E-03;0.000945;;0.27;0.5;;0.16;2.2;0.07;;;24;0.21;;0.038;1.1;6;3;40;0.06;5;0.3;0.3;0.04;13;0.16;2;0.4;;0.06;;0.08;;80;0.33;0.4;0.04;0.17;80;0.8;0.08;0.5;0.7;16;120;0.8;0.0006;0.4;;0.9;;0.16;4;;0.24;0.09;;14;0.036;0.05;;0.7;200;;0.07;;23;;2;0.19;9;7;;;;;;;;;;;;;;;;;;;;;;;;;;;;;
BIR-1;Units;%;%;%;%;%;%;%;%;%;%;%;%;%;%;%;%;%;%;%;%;%;%;ppm;%;ppm;ppm;ppm;ppm;ppm;ppm;ppm;ppm;%;ppm;ppm;ppm;ppm;ppm;ppm;ppm;ppm;ppm;ppm;ppm;ppm;%;ppm;ppm;ppm;ppm;ppm;ppm;ppm;ppm;ppm;ppm;ppm;%;ppm;ppm;%;ppm;ppm;ppm;ppm;ppm;ppm;ppm;ppm;ppm;ppm;ppm;ppm;ppm;%;ppm;ppm;ppm;ppm;ppm;ppm;ppm;ppm;ppm;ppm;ppm;ppm;ppm;ppm;ppm;ppm;ppm;;;;;;;;;;;;;;;;;;;;;;;;;;;;;
BIR-1;N;32;34;5;7;36;9;9;5;25;28;36;38;21;26;36;;3;12;32;28;23;14;2;32;3;2;3;12;3;1;1;5;34;1;4;15;5;30;32;4;23;10;6;25;6;36;8;14;1;12;1;6;1;25;18;7;15;28;36;3;38;10;12;25;21;6;3;4;1;9;1;11;19;2;26;25;2;28;5;10;1;9;36;1;8;2;24;1;20;22;23;14;;;;;;;;;;;;;;;;;;;;;;;;;;;;;
BIR-1;Data Quality;Recommended value;Recommended value;Provisional value;Recommended value;Recommended value;Certified value equivalent;Provisional value;Provisional value;Provisional value;Recommended value;Recommended value;Recommended value;Provisional value;Recommended value;Certified value equivalent;Certified value equivalent;Provisional value;Recommended value;Recommended value;Recommended value;Recommended value;Provisional value;Provisional value;Recommended value;Provisional value;Provisional value;Provisional value;Recommended value;Provisional value;Provisional value;Provisional value;Provisional value;Certified value equivalent;Provisional value;Provisional value;Provisional value;Provisional value;Recommended value;Recommended value;Provisional value;Certified value equivalent;Recommended value;Recommended value;Certified value equivalent;Provisional value;Certified value equivalent;Recommended value;Recommended value;Provisional value;Recommended value;Provisional value;Recommended value;Provisional value;Provisional value;Provisional value;Recommended value;Recommended value;Recommended value;Recommended value;Provisional value;Recommended value;Recommended value;Recommended value;Recommended value;Provisional value;Recommended value;Provisional value;Provisional value;Provisional value;Provisional value;Provisional value;Recommended value;Recommended value;Provisional value;Recommended value;Recommended value;Provisional value;Recommended value;Provisional value;Recommended value;Provisional value;Provisional value;Certified value equivalent;Provisional value;Recommended value;Provisional value;Recommended value;Provisional value;Recommended value;Recommended value;Recommended value;Provisional value;;;;;;;;;;;;;;;;;;;;;;;;;;;;;
BR;Constituent;Al2O3;CaO;CO2;Fe2O3;Fe2O3-T;FeO;H2O+;H2O-;K2O;MgO;MnO;Na2O;P2O5;SiO2;TiO2;B2O3;BaO;Cr2O3;SrO;ZnO;ZrO2;Al;As;B;Ba;Be;Ca;Cd;Ce;Cl;Co;Cr;Cs;Cu;Dy;Er;Eu;F;Fe;Ga;Gd;Ge;Hf;Ho;In;K;La;Li;Lu;Mn;Mo;Na;Nb;Nd;Ni;P;Pb;Pr;Rb;S;Sb;Sc;Sm;Sn;Sr;Ta;Tb;Th;Tl;Tm;U;V;W;Y;Yb;Zn;Zr;Loss on Ignition;;;;;;;;;;;;;;;;;;;;;;;;;;;;;;;;;;;;;;;;;;;
BR;Concentration;10.2;13.8;0.86;5.58;12.88;6.57;2.3;0.5;1.4;13.28;0.2;3.05;1.04;38.2;2.6;0.002576;0.1172325;0.0555389;0.1561045;0.01991616;0.0351;5.4;2;8;1050;1.5;9.87;0.15;151;350;52;380;0.8;72;6.4;2.5;3.7;1000;9;19;9.5;1.2;5.6;1.1;0.08;1.16;82;13;0.25;1550;2.4;2.26;98;65;260;4530;5;17;47;390;0.2;25;12.2;2;1320;6.2;1.25;11;0.05;0.3;2.5;235;1.3;30;1.8;160;260;3;;;;;;;;;;;;;;;;;;;;;;;;;;;;;;;;;;;;;;;;;;;
BR;Uncertainty;0.12;0.1;0.05;0.15;0.15;0.1;0.13;0.08;0.04;0.13;0.007;0.08;0.02;0.29;0.05;;0.0049126;0.002776945;0.006031311;0.00124476;0.00216;0.06;0.04;;44;0.5;0.07;;4;;3;19;0.15;6;0.2;0.1;0.2;120;0.1;2;0.6;;0.2;0.13;;0.03;1.5;1.3;0.03;54;0.3;0.06;6;2;12;90;2.5;0.6;3;;0.05;1.8;0.3;0.3;51;0.7;0.1;1;;0.04;0.3;12;0.1;1.5;0.2;10;16;;;;;;;;;;;;;;;;;;;;;;;;;;;;;;;;;;;;;;;;;;;;
BR;Units;%;%;%;%;%;%;%;%;%;%;%;%;%;%;%;%;%;%;%;%;%;%;ppm;ppm;ppm;ppm;%;ppm;ppm;ppm;ppm;ppm;ppm;ppm;ppm;ppm;ppm;ppm;%;ppm;ppm;ppm;ppm;ppm;ppm;%;ppm;ppm;ppm;ppm;ppm;%;ppm;ppm;ppm;ppm;ppm;ppm;ppm;ppm;ppm;ppm;ppm;ppm;ppm;ppm;ppm;ppm;ppm;ppm;ppm;ppm;ppm;ppm;ppm;ppm;ppm;%;;;;;;;;;;;;;;;;;;;;;;;;;;;;;;;;;;;;;;;;;;;
BR;N;44;47;20;24;47;25;20;20;46;45;42;39;29;45;43;8;67;82;94;61;54;44;8;8;67;13;47;7;30;12;63;82;11;68;9;6;19;20;47;27;15;;9;;;46;28;34;12;42;9;39;20;21;84;29;43;;82;11;8;18;20;18;94;8;;20;5;;14;55;5;35;22;61;54;;;;;;;;;;;;;;;;;;;;;;;;;;;;;;;;;;;;;;;;;;;;
BR;Data Quality;Working value;Working value;Working value;Working value;Working value;Working value;Working value;Working value;Working value;Working value;Working value;Working value;Working value;Working value;Working value;Provisional value;Working value;Working value;Working value;Working value;Working value;Working value;Working value;Provisional value;Working value;Working value;Working value;Provisional value;Working value;Provisional value;Working value;Working value;Working value;Working value;Working value;Working value;Working value;Working value;Working value;Working value;Working value;Provisional value;Working value;Working value;Provisional value;Working value;Working value;Working value;Working value;Working value;Working value;Working value;Working value;Working value;Working value;Working value;Working value;Working value;Working value;Provisional value;Working value;Working value;Working value;Working value;Working value;Working value;Working value;Working value;Working value;Working value;Working value;Working value;Working value;Working value;Working value;Working value;Working value;Provisional value;;;;;;;;;;;;;;;;;;;;;;;;;;;;;;;;;;;;;;;;;;;
BX-N;Constituent;Al2O3;CaO;CO2;Fe2O3;Fe2O3-T;FeO;H2O+;H2O-;K2O;MgO;MnO;Na2O;P2O5;SiO2;TiO2;BaO;Cr2O3;SrO;ZnO;ZrO2;Al;As;Ba;Be;Bi;Ca;Ce;Co;Cr;Cs;Cu;Dy;Er;Eu;F;Fe;Ga;Gd;Ge;Hf;Ho;In;K;La;Li;Lu;Mn;Mo;Na;Nb;Nd;Ni;P;Pb;Pr;Rb;Sb;Sc;Sm;Sn;Sr;Ta;Tb;Th;Tm;U;V;W;Y;Yb;Zn;Zr;Loss on Ignition;;;;;;;;;;;;;;;;;;;;;;;;;;;;;;;;;;;;;;;;;;;;;;;;
BX-N;Concentration;54.21;0.17;0.44;22.88;23.17;0.26;11.48;0.44;0.05;0.11;0.05;0.04;0.13;7.40;2.37;0.0033495;0.0409234;0.01300871;0.00995808;0.07425;28.68;115;30;5.5;1.7;1220;520;30;280;0.4;18;18.5;11;4.4;900;16.2;67;20;1.1;15.2;4.1;0.3;420;355;39;1.8;390;8.3;300;52;163;180;570;135;54;3.6;8;60;22;13.4;110;4.6;3;50;1.7;8.8;350;9;114;11.6;80;550;12.17;;;;;;;;;;;;;;;;;;;;;;;;;;;;;;;;;;;;;;;;;;;;;;;;
BX-N;Uncertainty;0.40;0.05;0.19;0.60;0.28;0.13;0.15;0.07;0.01;0.03;0.009;0.02;0.03;0.15;0.09;0.00100485;0.004530805;0.001064349;0.00186714;0.00594;0.21;6;9;0.6;;360;23;7;31;;2;1.4;1;0.3;;0.2;14;1.6;;1.1;0.5;;80;18;9;0.18;70;0.7;150;4;7;16;130;13;3.5;0.6;;7;1.3;1.1;9;0.4;0.3;6;0.2;1.5;44;1;14;1.5;15;44;;;;;;;;;;;;;;;;;;;;;;;;;;;;;;;;;;;;;;;;;;;;;;;;;
BX-N;Units;%;%;%;%;%;%;%;%;%;%;%;%;%;%;%;%;%;%;%;%;%;ppm;ppm;ppm;ppm;ppm;ppm;ppm;ppm;ppm;ppm;ppm;ppm;ppm;ppm;%;ppm;ppm;ppm;ppm;ppm;ppm;ppm;ppm;ppm;ppm;ppm;ppm;ppm;ppm;ppm;ppm;ppm;ppm;ppm;ppm;ppm;ppm;ppm;ppm;ppm;ppm;ppm;ppm;ppm;ppm;ppm;ppm;ppm;ppm;ppm;ppm;%;;;;;;;;;;;;;;;;;;;;;;;;;;;;;;;;;;;;;;;;;;;;;;;;
BX-N;N;34;34;6;11;36;11;9;7;28;29;20;24;18;37;29;11;22;17;25;16;34;10;11;7;;34;13;21;22;;17;;;10;6;36;7;5;;7;;;28;12;7;5;20;5;24;6;7;21;18;19;;9;9;9;8;6;17;6;5;11;;10;12;;9;8;25;16;18;;;;;;;;;;;;;;;;;;;;;;;;;;;;;;;;;;;;;;;;;;;;;;;;
BX-N;Data Quality;Working value;Working value;Working value;Working value;Working value;Working value;Working value;Working value;Working value;Working value;Working value;Working value;Working value;Working value;Working value;Working value;Working value;Working value;Working value;Working value;Working value;Working value;Working value;Working value;Provisional value;Working value;Working value;Working value;Working value;Provisional value;Working value;Working value;Working value;Working value;Provisional value;Working value;Working value;Working value;Provisional value;Working value;Working value;Provisional value;Working value;Working value;Working value;Working value;Working value;Working value;Working value;Working value;Working value;Working value;Working value;Working value;Working value;Working value;Provisional value;Working value;Working value;Working value;Working value;Working value;Working value;Working value;Working value;Working value;Working value;Working value;Working value;Working value;Working value;Working value;Provisional value;;;;;;;;;;;;;;;;;;;;;;;;;;;;;;;;;;;;;;;;;;;;;;;;
DR-N;Constituent;Al2O3;CaO;CO2;Fe2O3;Fe2O3-T;FeO;H2O+;H2O-;K2O;MgO;MnO;Na2O;P2O5;SiO2;TiO2;B2O3;BaO;Cr2O3;SrO;ZnO;ZrO2;Al;As;B;Ba;Be;Bi;Ca;Cd;Ce;Cl;Co;Cr;Cs;Cu;Dy;Er;Eu;F;Fe;Ga;Gd;Ge;Hf;Ho;In;K;La;Li;Lu;Mn;Mo;Na;Nb;Nd;Ni;P;Pb;Pr;Rb;S;Sb;Sc;Sm;Sn;Sr;Ta;Tb;Th;Tl;Tm;U;V;W;Y;Yb;Zn;Zr;Loss on Ignition;;;;;;;;;;;;;;;;;;;;;;;;;;;;;;;;;;;;;;;;;;
DR-N;Concentration;17.52;7.05;0.1;3.7;9.7;5.4;2.22;0.25;1.7;4.4;0.22;2.99;0.25;52.85;1.09;0.004508;0.04298525;0.0058462;0.0473044;0.01804902;0.016875;9.27;3;14;385;1.8;0.5;5.04;0.9;46;400;35;40;6.3;50;4.6;2.5;1.45;500;6.78;22;4.7;1.9;3.5;1;0.08;1.41;21.5;40;0.4;1700;0.9;2.22;7;23.5;15;1100;55;5.7;73;350;0.4;28;5.4;2;400;0.6;0.77;5;0.7;0.39;1.5;220;130;26;2.5;145;125;2.26;;;;;;;;;;;;;;;;;;;;;;;;;;;;;;;;;;;;;;;;;;
DR-N;Uncertainty;0.14;0.06;0.04;0.16;0.07;0.1;0.09;0.05;0.03;0.07;0.006;0.06;0.02;0.19;0.02;0.001932;0.0006699;0.000438465;0.001537393;0.00062238;0.001215;0.07;0.4;6;6;0.2;;0.04;;3;55;2.3;3;0.6;2.2;0.4;0.25;0.1;70;0.05;2.3;0.5;;0.3;0.1;;0.02;1.5;4.3;0.06;46;0.2;0.04;2;1;3;90;4;0.44;2.2;;0.13;1.6;0.28;0.3;13;0.11;0.14;0.4;;0.1;0.3;11;15;3;0.3;5;9;;;;;;;;;;;;;;;;;;;;;;;;;;;;;;;;;;;;;;;;;;;
DR-N;Units;%;%;%;%;%;%;%;%;%;%;%;%;%;%;%;%;%;%;%;%;%;%;ppm;ppm;ppm;ppm;ppm;%;ppm;ppm;ppm;ppm;ppm;ppm;ppm;ppm;ppm;ppm;ppm;%;ppm;ppm;ppm;ppm;ppm;ppm;ppm;ppm;ppm;ppm;ppm;ppm;%;ppm;ppm;ppm;ppm;ppm;ppm;ppm;ppm;ppm;ppm;ppm;ppm;ppm;ppm;ppm;ppm;ppm;ppm;ppm;ppm;ppm;ppm;ppm;ppm;ppm;%;;;;;;;;;;;;;;;;;;;;;;;;;;;;;;;;;;;;;;;;;;
DR-N;N;60;70;7;27;64;26;17;18;58;65;47;47;36;59;59;6;44;48;57;47;29;60;12;6;44;11;;70;6;12;10;45;48;14;43;6;;15;14;64;15;13;;7;;;58;20;21;12;47;;47;10;17;51;36;30;5;50;5;8;15;16;;57;9;9;15;;;13;34;;21;17;47;29;12;;;;;;;;;;;;;;;;;;;;;;;;;;;;;;;;;;;;;;;;;;
DR-N;Data Quality;Working value;Working value;Working value;Working value;Working value;Working value;Working value;Working value;Working value;Working value;Working value;Working value;Working value;Working value;Working value;Working value;Working value;Working value;Working value;Working value;Working value;Working value;Working value;Working value;Working value;Working value;Provisional value;Working value;Provisional value;Working value;Working value;Working value;Working value;Working value;Working value;Working value;Working value;Working value;Working value;Working value;Working value;Working value;Provisional value;Working value;Working value;Provisional value;Working value;Working value;Working value;Working value;Working value;Working value;Working value;Working value;Working value;Working value;Working value;Working value;Working value;Working value;Provisional value;Working value;Working value;Working value;Working value;Working value;Working value;Working value;Working value;Provisional value;Working value;Working value;Working value;Working value;Working value;Working value;Working value;Working value;Provisional value;;;;;;;;;;;;;;;;;;;;;;;;;;;;;;;;;;;;;;;;;;
DT-N;Constituent;Al2O3;CaO;CO2;Fe2O3;Fe2O3-T;FeO;H2O+;H2O-;K2O;MgO;MnO;Na2O;P2O5;SiO2;TiO2;BaO;Cr2O3;SrO;ZnO;ZrO2;Al;As;Ba;Be;Bi;Ca;Cd;Ce;Cl;Co;Cr;Cs;Cu;Dy;Er;Eu;F;Fe;Ga;Gd;Ge;Hf;Ho;In;K;La;Li;Lu;Mn;Mo;Na;Nb;Nd;Ni;P;Pb;Pr;Rb;Sb;Sc;Sm;Sn;Sr;Ta;Tb;Th;Tm;U;V;W;Y;Yb;Zn;Zr;Loss on Ignition;;;;;;;;;;;;;;;;;;;;;;;;;;;;;;;;;;;;;;;;;;;;;;
DT-N;Concentration;59.5;0.04;0.62;0.55;0.66;0.1;0.9;0.15;0.12;0.04;0.008;0.04;0.09;36.45;1.4;0.0145145;0.0380003;0.00354783;0.003485328;0.04995;31.32;0.2;130;0.3;0.06;290;0.1;134;30;15;260;0.13;7;2.4;0.75;1.45;40;4600;30;5.5;4.9;10;0.33;0.01;1000;90;26;0.14;60;0.5;300;34;52;14;390;25;15.5;6;0.25;2.1;8.4;2.2;30;2.7;0.6;12;0.1;2.3;150;120;6.6;0.7;28;370;1.43;;;;;;;;;;;;;;;;;;;;;;;;;;;;;;;;;;;;;;;;;;;;;;
DT-N;Uncertainty;0.22;0.02;0.04;0.09;0.06;0.05;0.23;0.05;0.01;0.02;0.002;0.02;0.02;0.26;0.04;0.002233;0.00233848;0.000709566;0.000871332;0.004725;0.12;;20;;;140;;10;;2.5;16;0.04;1.9;0.2;0.12;0.09;;400;;0.6;;0.5;0.04;;80;7;;0.02;15;0.2;150;4;4.5;4;90;5;0.8;1.5;;0.23;0.34;0.3;6;0.32;0.14;3;0.02;0.43;23;11;0.5;0.06;7;35;;;;;;;;;;;;;;;;;;;;;;;;;;;;;;;;;;;;;;;;;;;;;;;
DT-N;Units;%;%;%;%;%;%;%;%;%;%;%;%;%;%;%;%;%;%;%;%;%;ppm;ppm;ppm;ppm;ppm;ppm;ppm;ppm;ppm;ppm;ppm;ppm;ppm;ppm;ppm;ppm;ppm;ppm;ppm;ppm;ppm;ppm;ppm;ppm;ppm;ppm;ppm;ppm;ppm;ppm;ppm;ppm;ppm;ppm;ppm;ppm;ppm;ppm;ppm;ppm;ppm;ppm;ppm;ppm;ppm;ppm;ppm;ppm;ppm;ppm;ppm;ppm;ppm;%;;;;;;;;;;;;;;;;;;;;;;;;;;;;;;;;;;;;;;;;;;;;;;
DT-N;N;37;31;2;12;33;11;10;7;30;31;13;22;18;34;32;14;18;15;19;15;37;;14;;;31;;11;;18;18;5;14;;;7;5;33;7;6;;7;;;30;9;;;13;;22;;10;15;18;15;;10;8;6;8;;15;6;5;10;;9;8;;7;7;19;15;14;;;;;;;;;;;;;;;;;;;;;;;;;;;;;;;;;;;;;;;;;;;;;;
DT-N;Data Quality;Working value;Working value;Working value;Working value;Working value;Working value;Working value;Working value;Working value;Working value;Working value;Working value;Working value;Working value;Working value;Working value;Working value;Working value;Working value;Working value;Working value;Provisional value;Working value;Provisional value;Provisional value;Working value;Provisional value;Working value;Provisional value;Working value;Working value;Working value;Working value;Working value;Working value;Working value;Provisional value;Working value;Provisional value;Working value;Provisional value;Working value;Working value;Provisional value;Working value;Working value;Provisional value;Working value;Working value;Working value;Working value;Working value;Working value;Working value;Working value;Working value;Working value;Working value;Provisional value;Working value;Working value;Working value;Working value;Working value;Working value;Working value;Working value;Working value;Working value;Working value;Working value;Working value;Working value;Working value;Provisional value;;;;;;;;;;;;;;;;;;;;;;;;;;;;;;;;;;;;;;;;;;;;;;
DTS-1;Constituent;Al2O3;CaO;CO2;Fe2O3;Fe2O3-T;FeO;H2O+;H2O-;H2O-T;K2O;MgO;MnO;Na2O;P2O5;SiO2;Oxide Sum;B2O3;BaO;Cr2O3;NiO;SrO;ZnO;ZrO2;Ag;Al;As;Au;Ba;Ba;Be;Bi;Br;C;Ca;Cd;Ce;Cl;Co;Cr;Cs;Cu;Dy;Er;Eu;F;Fe;Ga;Gd;Ge;Hf;Hg;Ho;I;In;Ir;K;La;Li;Lu;Mg;Mn;Mo;N;Na;Nb;Nd;Ni;O;Os;P;Pb;Pd;Pr;Pt;Rb;Re;Rh;Ru;S;Sb;Sc;Se;Si;Sm;Sn;Sr;Ta;Tb;Te;Th;Ti;Tl;Tm;U;V;W;Y;Yb;Zn;Zr;Ra-226;;;;;;;;;;;;;;;;;;;;
DTS-1;Concentration;0.189;0.17;0.08;1.03;8.68;6.97;0.44;0.06;0.48;0.001;49.59;0.12;0.015;0.002;40.41;99.95;0.000161;0.000189805;0.58;0.3;3.78435E-05;0.005725896;0.00054;0.013;1000;0.034;0.00092;0.5;1.7;0.004;0.0062;0.11;220;1200;0.01;0.072;10.5;137;3990;0.0058;7.1;0.0034;0.0039;0.0012;13;6.07;0.5;0.0038;0.88;0.015;0.007;0.0013;0.12;0.0024;0.00069;8;0.029;2.1;0.0024;29.9;940;0.14;20;110;2.2;0.029;2360;43.8;0.0009;9;12;0.003;0.0063;0.0031;0.058;0.0095;0.00083;0.0025;12;0.5;3.5;0.0057;18.87;0.0046;0.55;0.32;0.039;0.0008;0.003;0.01;30;0.002;0.0014;0.0036;11;0.021;0.04;0.01;46;4;1.3;;;;;;;;;;;;;;;;;;;;
DTS-1;Uncertainty;0.057;0.03;0.01;0.36;0.24;0.26;0.1;0.03;0.09;0.0001;0.33;0.01;0.011;0.0016;0.47;0.74;;0.00013398;0.04;0.02;7.09566E-06;0.001120284;0.00027;0.006;300;0.006;0.00023;;1.2;;0.0019;0.08;80;200;0.005;0.019;1.4;15;300;0.0011;2.6;;;0.0004;3;0.17;0.3;;0.08;0.014;0.004;0.001;;0.0003;0.00024;1;0.006;0.12;0.0006;0.2;40;0.09;2;80;1.1;0.004;170;0.2;0.0004;7;3;0.002;0.0004;0.0017;0.008;;0.00004;;4;0.11;0.3;;0.22;0.001;0.16;0.06;;0.0001;;0.001;20;;0.0003;0.0004;3;0.007;0.01;0.004;9;2;;;;;;;;;;;;;;;;;;;;;
DTS-1;Units;%;%;%;%;%;%;%;%;%;%;%;%;%;%;%;%;%;%;%;%;%;%;%;ppm;ppm;ppm;ppm;ppm;ppm;ppm;ppm;ppm;ppm;ppm;ppm;ppm;ppm;ppm;ppm;ppm;ppm;ppm;ppm;ppm;ppm;%;ppm;ppm;ppm;ppm;ppm;ppm;ppm;ppm;ppm;ppm;ppm;ppm;ppm;%;ppm;ppm;ppm;ppm;ppm;ppm;ppm;%;ppm;ppm;ppm;ppm;ppm;ppm;ppm;ppm;ppm;ppm;ppm;ppm;ppm;ppm;%;ppm;ppm;ppm;ppm;ppm;ppm;ppm;ppm;ppm;ppm;ppm;ppm;ppm;ppm;ppm;ppm;ppm;pCi/g;;;;;;;;;;;;;;;;;;;;
DTS-1;N;75;74;19;32;100;46;28;26;22;28;77;108;55;32;88;;3;28;77;84;16;61;8;18;75;4;22;3;28;7;9;3;19;74;11;13;14;82;77;8;64;2;2;12;9;100;12;2;8;7;22;4;3;7;17;28;13;15;12;77;108;12;6;55;7;7;84;10;3;32;51;9;3;10;14;2;3;1;5;21;31;2;88;13;14;16;2;6;1;5;60;7;3;15;42;3;3;13;61;8;1;;;;;;;;;;;;;;;;;;;;
DTS-1;Data Quality;Provisional value;Provisional value;Not provided by compiler;Provisional value;Recommended value;Recommended value;Provisional value;Provisional value;Provisional value;Not provided by compiler;Certified value equivalent;Recommended value;Provisional value;Provisional value;Recommended value;Not provided by compiler;Provisional value;Provisional value;Recommended value;Recommended value;Recommended value;Recommended value;Provisional value;Provisional value;Provisional value;Provisional value;Recommended value;Provisional value;Provisional value;Provisional value;Recommended value;Provisional value;Provisional value;Provisional value;Provisional value;Recommended value;Recommended value;Recommended value;Recommended value;Recommended value;Provisional value;Provisional value;Provisional value;Recommended value;Provisional value;Recommended value;Provisional value;Provisional value;Recommended value;Provisional value;Provisional value;Provisional value;Provisional value;Recommended value;Recommended value;Recommended value;Recommended value;Certified value equivalent;Recommended value;Certified value equivalent;Certified value equivalent;Provisional value;Recommended value;Provisional value;Provisional value;Recommended value;Recommended value;Certified value equivalent;Provisional value;Provisional value;Provisional value;Provisional value;Provisional value;Provisional value;Recommended value;Provisional value;Provisional value;Provisional value;Provisional value;Recommended value;Recommended value;Provisional value;Recommended value;Recommended value;Recommended value;Recommended value;Provisional value;Recommended value;Provisional value;Provisional value;Provisional value;Provisional value;Provisional value;Recommended value;Provisional value;Provisional value;Provisional value;Provisional value;Recommended value;Provisional value;Provisional value;;;;;;;;;;;;;;;;;;;;
